strand,location
+,150.0
+,5194.0
-,7999.0
+,8198.0
+,8238.0
+,9266.0
-,10534.0
-,11826.0
+,12123.0
+,14168.0
+,15405.0
+,16952.0
-,17000.0
+,17449.0
-,20548.0
-,21075.0
-,21075.0
+,21141.0
+,25786.0
+,28334.0
+,29611.0
+,30817.0
+,34260.0
-,36202.0
-,39155.0
-,41971.0
+,42363.0
+,47206.0
+,49783.0
-,54642.0
-,54642.0
-,57037.0
-,57037.0
+,57324.0
+,58434.0
-,63261.0
-,63261.0
-,66590.0
-,70045.0
-,70045.0
+,70347.0
-,75426.0
-,75426.0
-,77339.0
+,77367.0
+,77581.0
-,83748.0
+,84328.0
+,85590.0
+,87988.0
+,89594.0
+,106517.0
+,107665.0
-,113259.0
+,113404.0
-,117589.0
-,118685.0
+,118693.0
-,121591.0
+,122052.0
+,122977.0
+,125695.0
+,127872.0
+,127912.0
-,131300.0
+,131575.0
+,134348.0
-,136461.0
-,136461.0
-,136957.0
+,137043.0
+,137083.0
-,141265.0
+,141391.0
-,142710.0
+,142739.0
+,144537.0
-,146734.0
+,146928.0
-,149641.0
-,156923.0
-,160644.0
-,162028.0
-,162028.0
+,162065.0
+,164690.0
+,167444.0
-,174922.0
+,175067.0
-,179193.0
+,179197.0
+,179237.0
+,180844.0
+,180884.0
+,182423.0
-,184135.0
-,189503.0
-,189503.0
+,189712.0
+,189874.0
+,190817.0
+,190857.0
+,191815.0
+,191855.0
+,192832.0
+,194863.0
+,197928.0
+,200442.0
+,200971.0
+,202061.0
+,208621.0
+,209639.0
-,214165.0
+,214251.0
-,218815.0
-,220035.0
-,222685.0
+,222793.0
+,223771.0
+,225381.0
+,225500.0
+,225759.0
+,228756.0
+,228928.0
+,229127.0
-,230921.0
+,231082.0
+,234776.0
-,234822.0
+,236027.0
-,236042.0
+,236931.0
+,237295.0
+,239066.0
-,239142.0
-,240229.0
+,240303.0
+,240343.0
-,243343.0
+,243503.0
+,244287.0
-,245845.0
-,246542.0
+,246672.0
+,247597.0
+,250032.0
-,250110.0
+,253439.0
-,255713.0
-,255713.0
+,255937.0
+,257829.0
-,259261.0
-,259261.0
+,259572.0
+,262095.0
+,262182.0
-,262476.0
-,266231.0
-,268224.0
-,269446.0
+,271804.0
+,272031.0
-,274381.0
+,274509.0
+,279115.0
-,279139.0
-,281247.0
+,281462.0
+,284579.0
-,288426.0
-,289526.0
-,289526.0
+,289613.0
+,290588.0
-,290610.0
-,292212.0
-,294063.0
-,294843.0
-,296360.0
+,296430.0
-,301837.0
+,302175.0
-,303446.0
-,309829.0
-,309829.0
-,310600.0
+,311296.0
-,312041.0
-,312506.0
-,313069.0
+,313541.0
-,316433.0
+,316623.0
-,317831.0
-,319265.0
+,319411.0
+,320792.0
-,324628.0
-,328598.0
+,328647.0
+,331555.0
-,334286.0
+,334464.0
+,339349.0
+,342068.0
+,343360.0
+,344588.0
-,345601.0
+,345668.0
-,347707.0
+,347866.0
+,349196.0
+,354106.0
+,355395.0
-,357954.0
+,357983.0
-,365526.0
-,365526.0
-,367684.0
+,367795.0
+,374643.0
+,375956.0
-,379145.0
-,380523.0
+,380535.0
-,383199.0
-,383880.0
+,384416.0
+,387019.0
-,388948.0
-,388948.0
+,389435.0
+,392154.0
-,392165.0
-,395551.0
+,395823.0
-,398597.0
+,398777.0
-,400187.0
+,400570.0
+,400931.0
+,400971.0
+,402465.0
+,402887.0
-,404908.0
+,404948.0
+,405589.0
+,406612.0
+,407793.0
-,409283.0
+,409328.0
-,411745.0
-,416216.0
+,416326.0
+,418775.0
+,421702.0
-,424182.0
+,424195.0
+,429789.0
-,431277.0
-,432115.0
+,432186.0
-,437399.0
-,440607.0
+,440733.0
-,443779.0
+,443867.0
+,443907.0
-,445930.0
-,450874.0
-,453431.0
+,453656.0
+,454317.0
+,455861.0
+,455901.0
+,456610.0
+,456650.0
+,458072.0
+,460635.0
+,461099.0
+,463121.0
-,466576.0
+,466596.0
+,467567.0
+,471782.0
+,472190.0
-,474382.0
-,474382.0
+,474563.0
-,475635.0
+,475672.0
+,475856.0
-,477881.0
-,478515.0
-,479139.0
-,479139.0
-,479972.0
-,484883.0
+,484945.0
+,485720.0
-,490033.0
-,490033.0
+,490066.0
+,490596.0
+,491276.0
+,494304.0
+,496359.0
+,497239.0
-,499237.0
+,499309.0
-,502502.0
-,503960.0
+,504098.0
+,504138.0
-,506346.0
+,506428.0
-,507344.0
+,507402.0
-,510600.0
-,510600.0
+,510825.0
+,513177.0
-,515037.0
+,515103.0
-,518911.0
-,518911.0
+,518917.0
+,522445.0
+,528684.0
-,529280.0
-,531485.0
+,531635.0
+,536817.0
-,545627.0
+,545864.0
-,552320.0
-,552320.0
-,553700.0
+,553794.0
-,555816.0
-,556961.0
-,556961.0
+,557395.0
+,558157.0
-,563743.0
+,563946.0
+,564025.0
-,565639.0
+,568085.0
+,570076.0
+,571551.0
-,573849.0
-,576088.0
+,576581.0
+,577330.0
-,578156.0
-,578857.0
+,579063.0
-,579708.0
+,580017.0
-,582069.0
+,582136.0
+,582864.0
-,584796.0
-,584796.0
+,585280.0
-,586171.0
-,592441.0
-,594706.0
+,594783.0
+,596314.0
+,601142.0
-,603926.0
-,606646.0
+,606957.0
-,609342.0
-,611651.0
-,611651.0
+,611998.0
+,617437.0
-,621452.0
+,621483.0
-,623655.0
-,623655.0
+,624068.0
+,629077.0
+,631365.0
-,632740.0
+,632769.0
-,635832.0
-,636881.0
-,637745.0
-,637745.0
+,638128.0
+,638168.0
+,638936.0
-,641130.0
+,641271.0
-,643230.0
-,644157.0
-,644157.0
-,651119.0
+,651418.0
-,655231.0
+,655740.0
+,655780.0
+,656475.0
+,656515.0
-,657201.0
+,657214.0
+,658130.0
-,659436.0
-,659436.0
-,660641.0
-,661541.0
-,661905.0
-,663099.0
-,663099.0
-,668299.0
-,674046.0
+,674201.0
-,675810.0
+,675894.0
-,678669.0
+,678691.0
-,683675.0
-,685932.0
-,686904.0
-,686904.0
-,688276.0
-,692641.0
-,694218.0
+,694284.0
-,695727.0
-,695839.0
-,695963.0
-,696053.0
-,696162.0
-,696356.0
-,698397.0
-,698397.0
-,702874.0
+,703127.0
+,705276.0
+,705316.0
+,707517.0
-,709988.0
-,710685.0
-,710685.0
-,711161.0
-,712065.0
+,712170.0
+,714595.0
-,715860.0
-,719723.0
+,719766.0
-,728084.0
+,728317.0
+,728766.0
+,735628.0
+,736008.0
+,737275.0
+,738184.0
+,738730.0
-,741819.0
+,742010.0
+,745158.0
-,747032.0
-,752058.0
-,753688.0
-,753688.0
+,754360.0
+,757889.0
+,760745.0
+,762197.0
+,763403.0
-,765138.0
+,765167.0
+,770641.0
+,773935.0
+,776923.0
+,779777.0
+,779988.0
+,780291.0
+,780592.0
+,780800.0
+,781268.0
-,784086.0
-,784580.0
+,784816.0
-,786815.0
-,786815.0
-,791318.0
-,793907.0
+,793956.0
+,794272.0
-,797694.0
+,797769.0
-,799838.0
+,799942.0
+,802686.0
-,806544.0
-,808520.0
+,808527.0
+,811493.0
+,812709.0
+,812749.0
-,815910.0
+,816227.0
+,818518.0
+,819067.0
+,819976.0
-,823760.0
+,823813.0
-,829906.0
+,830055.0
-,832213.0
+,832253.0
+,835534.0
-,837188.0
-,840794.0
-,841319.0
+,841515.0
-,844743.0
-,846382.0
-,847161.0
-,847161.0
-,848131.0
-,848131.0
-,849360.0
+,849633.0
+,849673.0
-,851860.0
-,852260.0
+,852366.0
-,854895.0
-,854895.0
+,855146.0
-,858324.0
-,859291.0
-,862774.0
+,862825.0
-,865627.0
+,865751.0
+,872162.0
-,877298.0
+,877431.0
+,877925.0
-,879743.0
+,879910.0
+,879950.0
-,882651.0
+,882856.0
-,886602.0
+,886606.0
-,889082.0
+,889272.0
-,890016.0
+,890096.0
+,892967.0
-,899741.0
-,899741.0
-,902997.0
-,903730.0
+,903776.0
-,910312.0
-,913077.0
-,914120.0
-,915310.0
+,915656.0
-,918383.0
+,918418.0
-,921853.0
+,922096.0
-,925194.0
-,925663.0
-,925663.0
-,930225.0
-,931270.0
-,931270.0
+,931778.0
+,931818.0
+,932407.0
+,936555.0
+,940142.0
-,944820.0
+,945054.0
+,946412.0
-,948831.0
+,948851.0
-,950300.0
-,950300.0
-,953729.0
-,955895.0
+,955945.0
+,956836.0
+,959447.0
+,960384.0
+,961178.0
+,963011.0
+,963503.0
+,970075.0
+,970935.0
-,972664.0
+,972720.0
+,980230.0
+,982258.0
-,984972.0
-,986139.0
-,986139.0
-,988205.0
-,988205.0
-,989576.0
-,989576.0
+,989805.0
-,996775.0
+,997051.0
+,1003951.0
+,1005135.0
-,1006863.0
+,1007027.0
+,1011184.0
+,1014898.0
-,1017562.0
+,1017668.0
-,1019213.0
-,1019213.0
-,1020182.0
+,1020321.0
-,1023611.0
+,1023654.0
-,1027036.0
+,1027129.0
-,1029232.0
+,1029247.0
-,1030681.0
-,1030935.0
+,1031322.0
+,1036923.0
+,1039840.0
-,1048595.0
-,1049007.0
+,1049016.0
-,1050438.0
+,1050644.0
+,1051030.0
-,1055441.0
+,1055444.0
+,1055484.0
-,1057217.0
+,1057267.0
-,1063038.0
+,1063219.0
+,1064768.0
+,1064808.0
-,1066928.0
-,1066928.0
+,1067264.0
-,1073274.0
+,1073425.0
-,1078145.0
+,1078488.0
+,1080539.0
+,1084175.0
-,1091552.0
+,1092059.0
+,1094688.0
-,1094700.0
-,1096875.0
+,1097069.0
+,1099479.0
-,1102459.0
+,1103134.0
+,1104597.0
-,1108204.0
+,1108518.0
+,1112762.0
-,1114753.0
-,1115845.0
+,1115990.0
-,1118309.0
-,1119849.0
-,1120218.0
-,1121827.0
-,1121827.0
-,1122536.0
-,1124589.0
+,1124745.0
+,1127022.0
-,1130126.0
+,1130201.0
+,1133912.0
-,1143630.0
+,1143685.0
+,1144123.0
+,1145812.0
-,1145858.0
+,1150798.0
+,1151162.0
+,1152483.0
+,1157052.0
-,1160666.0
-,1160666.0
+,1161068.0
+,1165268.0
+,1165308.0
+,1166782.0
-,1168095.0
+,1168256.0
-,1169637.0
-,1173227.0
-,1174428.0
+,1174610.0
+,1178814.0
-,1184857.0
+,1185027.0
-,1189710.0
-,1194214.0
+,1194306.0
+,1195443.0
-,1197500.0
-,1200295.0
+,1200680.0
-,1201347.0
-,1202196.0
+,1202207.0
+,1208868.0
-,1208882.0
+,1209529.0
+,1210596.0
-,1211266.0
-,1212370.0
-,1213322.0
-,1214738.0
+,1214972.0
+,1215931.0
+,1216511.0
+,1218166.0
+,1218784.0
-,1222426.0
+,1222447.0
+,1222747.0
-,1225343.0
+,1225783.0
-,1226735.0
+,1226897.0
-,1229614.0
-,1229614.0
+,1229950.0
-,1232293.0
-,1233980.0
+,1234121.0
+,1234161.0
-,1236504.0
+,1236754.0
-,1242343.0
+,1242363.0
-,1243790.0
+,1243911.0
+,1244343.0
-,1246509.0
-,1246509.0
-,1250101.0
+,1250249.0
-,1255215.0
-,1257032.0
-,1257032.0
-,1257776.0
+,1257974.0
-,1260066.0
-,1261095.0
-,1261095.0
-,1262763.0
+,1262897.0
-,1268538.0
+,1268546.0
-,1269073.0
+,1269081.0
-,1269608.0
+,1269616.0
-,1271112.0
+,1271302.0
+,1271690.0
-,1272862.0
+,1272967.0
-,1276881.0
+,1277140.0
+,1279047.0
-,1286551.0
-,1286845.0
-,1288395.0
+,1288428.0
+,1290640.0
+,1290680.0
-,1292142.0
-,1292142.0
+,1292710.0
-,1294585.0
-,1297341.0
-,1297341.0
+,1297781.0
+,1299166.0
-,1306709.0
+,1306772.0
-,1308333.0
-,1308929.0
+,1309073.0
-,1310310.0
-,1311727.0
+,1312004.0
+,1312044.0
-,1314099.0
-,1321146.0
+,1321204.0
+,1324836.0
-,1327176.0
+,1327316.0
-,1328732.0
+,1329032.0
+,1329072.0
+,1331839.0
+,1333144.0
+,1333815.0
+,1333855.0
-,1337224.0
+,1337314.0
+,1338227.0
+,1339905.0
-,1341392.0
-,1342673.0
+,1344780.0
-,1344806.0
-,1348171.0
-,1349060.0
-,1349060.0
-,1355174.0
-,1355732.0
-,1357251.0
-,1358972.0
+,1359104.0
+,1360727.0
-,1365976.0
+,1366063.0
+,1367713.0
+,1368200.0
+,1379971.0
-,1382025.0
+,1382101.0
+,1384704.0
-,1386832.0
-,1386832.0
+,1386914.0
-,1388662.0
-,1389917.0
+,1389975.0
+,1391211.0
+,1391251.0
-,1393986.0
+,1394060.0
+,1395349.0
-,1396643.0
-,1396643.0
-,1397590.0
-,1402629.0
+,1402725.0
-,1403775.0
+,1403963.0
-,1405859.0
+,1406034.0
+,1407495.0
+,1409923.0
-,1415407.0
-,1415407.0
-,1416293.0
-,1417520.0
-,1418305.0
+,1418349.0
+,1421225.0
+,1421766.0
+,1423361.0
+,1424438.0
+,1426779.0
-,1426790.0
-,1431738.0
-,1432288.0
-,1433072.0
-,1433683.0
-,1434854.0
-,1434854.0
+,1435145.0
-,1438848.0
+,1439042.0
-,1439807.0
-,1440907.0
+,1441035.0
-,1445347.0
+,1445503.0
-,1449283.0
-,1449283.0
-,1451706.0
+,1451911.0
+,1461523.0
-,1463294.0
+,1463376.0
-,1467213.0
+,1467225.0
+,1472205.0
+,1475605.0
-,1480881.0
-,1480881.0
+,1481045.0
+,1485219.0
+,1486216.0
+,1486256.0
-,1488777.0
+,1488886.0
-,1489530.0
+,1489661.0
+,1490143.0
-,1490193.0
+,1490454.0
-,1493135.0
+,1493272.0
+,1494840.0
+,1494880.0
+,1496635.0
-,1498513.0
+,1498557.0
+,1500441.0
+,1501701.0
-,1501713.0
-,1504144.0
+,1504156.0
-,1507128.0
+,1507270.0
+,1509638.0
-,1515258.0
+,1515373.0
-,1516910.0
+,1517011.0
+,1518246.0
-,1521129.0
+,1521291.0
-,1524044.0
+,1524231.0
+,1525886.0
+,1528570.0
+,1529800.0
-,1531915.0
+,1532008.0
-,1542124.0
-,1544092.0
-,1545233.0
+,1545385.0
-,1550746.0
-,1551902.0
-,1553733.0
-,1554027.0
-,1554344.0
+,1554609.0
+,1554649.0
-,1561140.0
-,1565204.0
-,1566887.0
-,1568553.0
-,1570109.0
-,1577406.0
-,1580588.0
-,1582023.0
-,1584550.0
-,1588143.0
-,1588600.0
-,1590506.0
-,1596051.0
-,1599305.0
+,1599474.0
+,1605370.0
-,1607086.0
-,1608744.0
-,1609918.0
-,1612767.0
+,1612788.0
+,1615012.0
-,1616972.0
+,1617104.0
-,1619201.0
+,1619316.0
+,1620630.0
-,1621914.0
-,1622561.0
+,1622757.0
-,1625401.0
-,1625401.0
+,1625501.0
+,1627199.0
+,1627239.0
+,1631056.0
+,1631606.0
-,1634431.0
-,1634431.0
+,1634740.0
-,1635846.0
-,1636173.0
-,1636731.0
-,1637398.0
-,1637398.0
-,1638649.0
-,1639618.0
+,1639839.0
-,1642368.0
-,1642966.0
+,1643881.0
-,1643936.0
+,1644389.0
-,1645914.0
+,1645918.0
+,1646492.0
+,1647406.0
+,1647593.0
-,1653205.0
-,1653737.0
+,1653792.0
+,1654208.0
-,1655521.0
+,1655549.0
+,1655589.0
+,1656053.0
+,1662530.0
+,1663299.0
-,1665283.0
-,1666628.0
-,1667656.0
+,1667683.0
+,1669360.0
-,1671565.0
+,1671897.0
-,1675967.0
+,1676411.0
+,1677541.0
-,1680094.0
+,1680143.0
+,1682283.0
-,1684652.0
-,1686398.0
-,1686398.0
+,1686560.0
+,1687836.0
-,1690806.0
-,1690806.0
-,1694135.0
-,1695116.0
-,1696104.0
-,1697244.0
+,1697339.0
+,1700217.0
-,1702372.0
+,1702535.0
+,1702933.0
+,1710753.0
+,1712361.0
-,1715243.0
-,1715243.0
-,1717666.0
+,1717860.0
-,1718888.0
+,1719009.0
-,1722622.0
-,1722622.0
-,1723984.0
+,1724007.0
+,1726331.0
-,1732165.0
+,1732419.0
+,1733362.0
+,1733402.0
-,1735354.0
-,1735609.0
+,1735828.0
-,1737862.0
+,1737895.0
+,1739397.0
+,1739437.0
-,1741306.0
+,1741441.0
-,1744191.0
+,1744459.0
+,1744684.0
+,1745115.0
-,1752541.0
-,1753205.0
+,1753682.0
+,1755405.0
+,1755445.0
-,1756789.0
-,1762450.0
-,1762804.0
-,1766749.0
+,1767058.0
+,1768396.0
+,1768599.0
+,1770496.0
+,1773571.0
-,1777365.0
+,1777601.0
-,1785133.0
-,1785133.0
+,1785429.0
+,1786419.0
+,1787597.0
-,1790084.0
-,1793216.0
-,1797006.0
-,1797334.0
-,1800634.0
+,1801078.0
+,1803149.0
-,1804147.0
+,1804354.0
+,1804394.0
+,1805384.0
+,1805780.0
-,1807297.0
+,1807364.0
+,1808195.0
+,1808918.0
-,1811196.0
-,1811727.0
+,1811851.0
-,1816521.0
-,1816521.0
-,1819683.0
-,1820320.0
+,1820442.0
+,1821499.0
-,1823001.0
-,1823580.0
-,1823580.0
-,1830046.0
+,1830412.0
+,1831385.0
-,1839467.0
+,1839474.0
-,1840199.0
+,1840355.0
-,1842935.0
-,1846072.0
-,1846740.0
+,1846821.0
+,1848844.0
-,1852043.0
-,1852918.0
-,1859396.0
-,1860493.0
+,1860755.0
-,1864430.0
-,1864430.0
+,1864892.0
+,1866939.0
+,1868369.0
+,1870025.0
-,1872246.0
+,1872336.0
-,1873640.0
+,1873657.0
-,1875596.0
+,1875699.0
-,1877319.0
-,1878012.0
-,1878823.0
-,1879873.0
+,1879896.0
+,1881172.0
-,1887810.0
-,1891299.0
+,1891351.0
+,1892117.0
+,1892789.0
-,1892795.0
+,1894916.0
+,1896411.0
-,1899649.0
+,1900032.0
+,1903672.0
-,1905124.0
-,1905655.0
-,1906830.0
+,1906909.0
-,1908163.0
+,1908260.0
-,1910640.0
-,1914192.0
+,1914242.0
+,1919764.0
+,1920105.0
-,1921033.0
+,1921090.0
-,1923033.0
+,1923092.0
+,1923424.0
-,1926903.0
-,1927771.0
-,1928351.0
-,1928351.0
-,1928811.0
+,1928865.0
+,1928905.0
-,1932668.0
-,1934378.0
+,1934636.0
+,1935633.0
+,1935673.0
-,1938257.0
-,1940529.0
-,1940529.0
+,1940646.0
-,1944040.0
+,1944235.0
-,1944244.0
-,1946696.0
-,1948586.0
+,1948816.0
-,1954938.0
-,1954938.0
-,1956196.0
-,1957910.0
+,1958046.0
+,1959956.0
-,1964255.0
-,1970755.0
-,1975203.0
-,1976261.0
-,1977279.0
+,1977737.0
-,1980451.0
-,1984083.0
-,1984083.0
+,1984909.0
-,1985822.0
-,1986023.0
+,1986206.0
+,1986700.0
-,1987554.0
+,1987665.0
-,1989683.0
-,1989925.0
-,1990011.0
-,1990141.0
-,1993423.0
+,1993802.0
-,1994896.0
-,1997501.0
-,1997501.0
-,1998322.0
-,1998322.0
-,1999853.0
-,2001627.0
-,2001627.0
+,2001856.0
-,2006154.0
+,2006261.0
+,2007805.0
+,2008584.0
-,2010415.0
+,2010486.0
-,2011078.0
+,2011213.0
+,2017602.0
+,2021952.0
+,2021992.0
-,2022887.0
+,2022970.0
-,2023337.0
+,2023495.0
-,2026081.0
-,2027430.0
+,2027523.0
-,2031548.0
+,2031673.0
+,2032035.0
+,2033819.0
+,2033859.0
-,2036887.0
+,2036940.0
+,2037462.0
+,2039359.0
+,2039399.0
+,2040352.0
-,2041581.0
+,2041635.0
+,2042573.0
+,2042922.0
-,2051392.0
+,2051627.0
+,2053045.0
+,2054842.0
-,2056126.0
-,2057754.0
+,2057875.0
-,2058978.0
-,2059997.0
+,2060284.0
-,2061284.0
-,2061284.0
-,2063828.0
-,2064218.0
+,2065378.0
-,2065956.0
-,2066483.0
-,2068244.0
+,2068254.0
+,2068644.0
+,2069339.0
+,2069563.0
+,2072763.0
+,2076730.0
-,2076741.0
-,2077425.0
-,2078655.0
-,2079326.0
-,2080611.0
+,2080740.0
-,2083589.0
-,2085178.0
-,2087777.0
+,2087980.0
+,2088176.0
-,2096365.0
-,2097677.0
-,2099289.0
-,2099289.0
-,2099808.0
-,2111125.0
-,2112391.0
-,2116468.0
-,2121043.0
-,2135307.0
+,2135886.0
-,2141012.0
+,2141250.0
-,2145604.0
+,2145658.0
-,2149049.0
+,2149169.0
-,2151192.0
+,2151333.0
-,2151472.0
+,2151668.0
-,2151801.0
+,2152000.0
+,2163173.0
+,2163652.0
-,2165878.0
-,2166370.0
+,2166696.0
+,2168220.0
-,2168231.0
-,2169791.0
-,2175266.0
-,2176583.0
-,2176583.0
+,2176803.0
-,2183363.0
-,2183858.0
+,2183899.0
+,2184942.0
+,2184982.0
-,2190284.0
-,2190858.0
-,2192230.0
+,2192282.0
+,2192322.0
+,2194456.0
+,2202578.0
+,2209207.0
-,2212706.0
+,2212848.0
-,2217543.0
-,2220051.0
+,2220167.0
+,2220207.0
-,2222808.0
-,2222808.0
-,2223693.0
+,2223783.0
-,2226820.0
+,2226964.0
-,2228447.0
+,2228606.0
+,2229826.0
+,2230860.0
+,2232015.0
-,2238301.0
-,2238301.0
-,2239730.0
-,2241671.0
-,2241671.0
+,2241892.0
-,2244716.0
-,2244716.0
-,2246551.0
-,2246551.0
-,2247680.0
+,2247699.0
-,2253248.0
+,2253337.0
-,2257358.0
-,2261557.0
+,2261845.0
-,2263357.0
+,2263432.0
+,2264227.0
+,2265811.0
+,2267961.0
+,2268708.0
-,2276299.0
-,2278545.0
+,2278614.0
+,2280499.0
-,2281966.0
-,2281966.0
+,2282111.0
-,2286976.0
-,2288242.0
+,2288482.0
-,2300667.0
-,2300667.0
-,2301559.0
+,2301588.0
+,2301887.0
+,2301927.0
-,2304816.0
-,2309596.0
-,2310708.0
-,2310708.0
+,2311106.0
+,2311470.0
-,2317938.0
+,2318025.0
+,2321429.0
-,2334706.0
-,2337439.0
-,2337439.0
+,2337549.0
-,2342231.0
+,2342847.0
+,2345366.0
-,2347534.0
+,2347633.0
-,2350436.0
+,2350629.0
+,2354886.0
-,2360273.0
-,2362337.0
+,2362536.0
-,2363682.0
+,2363910.0
-,2371600.0
+,2379590.0
-,2379605.0
+,2380695.0
-,2383784.0
+,2383842.0
+,2384916.0
-,2386488.0
+,2386617.0
-,2391103.0
-,2401864.0
-,2401864.0
-,2403134.0
-,2404703.0
+,2405543.0
-,2411194.0
+,2411452.0
+,2412769.0
+,2415063.0
-,2418547.0
+,2418603.0
-,2421601.0
-,2424744.0
-,2424744.0
-,2425747.0
-,2425747.0
-,2428825.0
-,2431988.0
-,2435913.0
+,2435932.0
-,2438182.0
-,2439667.0
+,2439746.0
-,2446502.0
+,2446588.0
-,2453708.0
-,2454874.0
-,2458531.0
-,2458996.0
+,2459288.0
+,2459328.0
+,2460994.0
-,2463069.0
+,2463283.0
+,2464407.0
+,2465837.0
+,2468797.0
+,2471586.0
-,2471647.0
+,2472966.0
-,2475691.0
+,2475829.0
-,2481401.0
+,2481737.0
-,2491316.0
-,2492361.0
-,2492361.0
+,2492680.0
-,2493354.0
+,2493627.0
+,2494903.0
-,2496357.0
+,2496653.0
-,2506304.0
-,2507488.0
+,2507612.0
+,2508983.0
-,2510768.0
+,2511024.0
-,2515894.0
-,2516138.0
-,2516253.0
+,2516449.0
-,2518734.0
+,2518953.0
+,2519073.0
+,2519195.0
-,2520539.0
-,2522940.0
+,2523109.0
-,2524918.0
+,2524928.0
-,2529295.0
+,2529445.0
+,2530391.0
+,2530431.0
+,2531746.0
+,2533856.0
-,2535299.0
+,2535324.0
-,2537645.0
-,2541475.0
-,2541475.0
-,2542685.0
-,2543671.0
+,2543755.0
-,2550200.0
+,2550334.0
+,2556721.0
-,2556741.0
+,2558239.0
+,2559350.0
+,2560093.0
+,2561574.0
+,2562505.0
-,2566169.0
-,2570112.0
-,2573867.0
-,2576439.0
+,2576648.0
-,2580839.0
-,2583587.0
+,2583713.0
+,2585577.0
-,2588928.0
+,2589229.0
-,2594799.0
-,2595680.0
-,2597822.0
+,2597888.0
+,2599183.0
-,2613943.0
+,2614076.0
-,2618934.0
+,2619179.0
+,2621026.0
+,2623137.0
-,2627000.0
+,2627272.0
+,2627774.0
-,2632132.0
+,2632214.0
-,2635418.0
-,2638594.0
-,2638594.0
-,2640906.0
-,2642345.0
-,2642883.0
-,2642883.0
-,2650349.0
+,2650476.0
+,2650516.0
+,2651877.0
-,2652995.0
-,2654420.0
-,2659593.0
-,2660193.0
-,2661385.0
+,2661424.0
+,2662372.0
+,2663417.0
-,2665908.0
-,2666958.0
+,2667014.0
-,2677311.0
-,2677311.0
-,2680807.0
+,2680845.0
-,2683569.0
+,2683817.0
-,2687568.0
-,2689362.0
-,2693605.0
+,2693783.0
-,2696612.0
+,2696741.0
-,2698259.0
+,2698542.0
-,2702125.0
-,2705186.0
-,2708074.0
+,2708402.0
-,2710826.0
+,2710878.0
-,2713382.0
+,2713405.0
-,2714511.0
+,2714736.0
+,2714776.0
-,2716590.0
+,2716717.0
+,2720709.0
-,2723808.0
-,2724210.0
-,2727206.0
-,2727466.0
-,2729179.0
-,2734030.0
-,2734030.0
+,2734128.0
+,2735136.0
+,2735176.0
+,2735581.0
+,2735767.0
-,2739212.0
+,2739342.0
+,2739857.0
-,2744247.0
-,2745857.0
+,2745944.0
-,2748727.0
-,2748727.0
+,2748813.0
+,2751587.0
-,2752826.0
+,2752878.0
+,2752918.0
+,2753615.0
+,2753979.0
+,2756626.0
-,2756662.0
+,2756967.0
+,2758529.0
-,2763215.0
-,2763838.0
+,2763900.0
+,2765692.0
+,2767685.0
-,2771244.0
+,2771300.0
+,2773527.0
+,2773901.0
+,2775994.0
-,2780788.0
-,2781366.0
-,2783073.0
-,2783859.0
+,2784379.0
+,2786967.0
+,2792235.0
-,2795090.0
+,2795193.0
-,2796514.0
-,2796514.0
+,2797146.0
-,2798056.0
+,2798128.0
+,2798705.0
+,2802797.0
+,2805154.0
+,2806298.0
+,2807599.0
+,2809409.0
-,2812752.0
-,2812752.0
+,2812824.0
-,2815565.0
-,2815882.0
-,2816157.0
-,2816296.0
-,2816667.0
-,2817208.0
-,2820030.0
-,2820030.0
-,2822408.0
-,2823638.0
+,2823814.0
+,2826603.0
-,2830351.0
+,2830458.0
-,2835487.0
-,2836167.0
-,2837326.0
+,2837506.0
-,2847911.0
-,2848497.0
+,2848629.0
-,2854868.0
+,2855075.0
+,2857742.0
-,2859296.0
+,2859412.0
-,2866815.0
-,2870882.0
-,2874391.0
+,2874563.0
-,2882200.0
-,2885281.0
+,2885376.0
-,2889917.0
-,2889917.0
+,2890196.0
-,2898335.0
+,2898574.0
-,2903480.0
+,2903539.0
-,2907685.0
-,2907685.0
+,2913039.0
-,2913062.0
-,2920162.0
-,2922546.0
+,2923330.0
-,2923342.0
+,2924290.0
+,2926211.0
+,2929037.0
-,2931750.0
+,2932217.0
-,2940629.0
+,2940718.0
-,2941207.0
+,2941319.0
-,2943904.0
-,2945240.0
+,2945409.0
+,2945519.0
+,2945629.0
-,2947072.0
+,2947224.0
+,2947264.0
-,2956837.0
-,2956837.0
-,2962239.0
-,2964099.0
-,2967039.0
+,2967644.0
+,2969253.0
+,2969579.0
-,2974211.0
-,2974407.0
+,2974581.0
-,2976961.0
+,2977003.0
-,2978697.0
-,2980244.0
-,2982186.0
-,2983654.0
+,2983829.0
+,2985518.0
+,2986484.0
-,2988422.0
+,2988536.0
+,2989250.0
+,2990076.0
+,2991620.0
-,2993154.0
-,2996890.0
-,2997953.0
+,2998327.0
-,3003848.0
+,3004244.0
-,3013119.0
+,3013142.0
+,3014042.0
+,3022333.0
-,3028993.0
+,3029349.0
+,3031047.0
-,3037805.0
+,3037837.0
-,3039132.0
+,3039295.0
+,3039335.0
-,3041210.0
+,3041644.0
-,3041685.0
-,3043963.0
-,3047060.0
-,3047060.0
-,3048686.0
-,3048686.0
-,3053506.0
+,3053594.0
-,3055011.0
-,3056429.0
-,3056429.0
+,3057735.0
-,3057763.0
+,3058832.0
-,3065235.0
-,3066870.0
-,3067869.0
-,3069263.0
-,3069263.0
-,3071710.0
-,3071710.0
-,3077392.0
-,3079697.0
+,3079895.0
-,3081859.0
-,3084113.0
+,3084169.0
+,3084688.0
+,3084728.0
+,3086266.0
+,3090919.0
+,3093080.0
-,3093142.0
-,3097627.0
-,3098684.0
-,3098684.0
-,3099685.0
-,3100914.0
+,3100995.0
+,3103696.0
-,3107217.0
+,3107535.0
+,3108388.0
-,3111003.0
-,3112414.0
-,3117174.0
-,3119341.0
-,3126083.0
+,3126254.0
+,3128160.0
-,3128205.0
-,3132019.0
+,3132113.0
-,3134433.0
-,3136584.0
+,3136709.0
-,3144172.0
-,3144172.0
-,3144799.0
-,3145753.0
+,3145879.0
-,3147533.0
+,3147644.0
-,3150046.0
+,3150218.0
+,3150258.0
+,3151545.0
-,3153280.0
+,3153337.0
+,3154605.0
+,3154645.0
+,3155632.0
-,3159208.0
-,3160610.0
-,3160610.0
-,3161543.0
-,3164035.0
-,3165780.0
-,3166606.0
-,3167638.0
-,3167638.0
+,3167810.0
-,3170273.0
+,3170512.0
-,3175972.0
+,3176097.0
+,3176137.0
+,3177726.0
-,3180469.0
+,3180532.0
-,3182528.0
+,3182822.0
+,3183396.0
-,3190001.0
+,3190190.0
+,3192748.0
-,3192887.0
+,3193123.0
-,3199027.0
+,3199189.0
-,3202651.0
+,3202676.0
-,3204318.0
+,3204445.0
-,3208605.0
+,3208763.0
+,3208803.0
+,3209089.0
+,3209129.0
+,3211029.0
-,3213535.0
+,3213620.0
-,3214553.0
+,3214761.0
-,3217138.0
+,3217476.0
-,3219309.0
+,3219448.0
+,3220615.0
+,3225783.0
+,3229647.0
+,3229687.0
-,3232517.0
-,3233937.0
+,3233942.0
+,3236562.0
+,3237926.0
-,3242803.0
+,3243086.0
+,3244634.0
+,3245755.0
+,3246951.0
+,3248544.0
+,3250286.0
+,3250893.0
-,3252276.0
+,3252301.0
-,3256072.0
-,3265127.0
+,3265362.0
+,3265836.0
-,3272969.0
+,3273264.0
+,3274984.0
-,3276727.0
+,3276896.0
+,3279958.0
+,3282152.0
+,3285408.0
+,3291382.0
-,3291397.0
-,3296908.0
+,3296956.0
+,3297948.0
-,3297977.0
-,3299338.0
+,3299467.0
-,3303879.0
-,3305995.0
-,3306986.0
-,3309230.0
+,3309247.0
-,3309703.0
-,3309703.0
-,3311197.0
-,3311197.0
-,3316068.0
-,3316311.0
+,3316619.0
+,3316659.0
-,3319675.0
-,3320567.0
-,3325726.0
+,3325772.0
-,3326777.0
+,3326945.0
+,3326985.0
-,3330797.0
-,3331513.0
+,3331692.0
+,3332891.0
-,3334865.0
-,3338127.0
+,3338257.0
+,3344560.0
+,3346434.0
-,3348521.0
+,3348599.0
-,3352112.0
+,3352707.0
+,3357220.0
+,3359158.0
+,3359198.0
+,3360094.0
+,3364733.0
-,3364780.0
+,3365809.0
-,3370636.0
-,3371638.0
-,3372551.0
+,3372851.0
-,3375439.0
-,3375439.0
-,3376713.0
-,3378059.0
+,3378173.0
+,3378725.0
-,3382330.0
+,3382685.0
+,3383520.0
-,3387399.0
+,3387502.0
-,3390090.0
-,3399149.0
-,3401394.0
+,3401466.0
+,3403418.0
+,3405357.0
+,3408262.0
-,3411527.0
+,3411846.0
+,3416372.0
+,3417024.0
-,3421564.0
-,3421677.0
-,3421809.0
-,3424805.0
-,3425055.0
-,3425174.0
-,3426784.0
+,3427218.0
-,3431622.0
+,3431672.0
+,3436006.0
-,3437571.0
-,3440490.0
-,3440490.0
-,3446211.0
-,3451332.0
-,3453460.0
+,3453560.0
-,3465053.0
-,3467915.0
-,3472571.0
-,3472571.0
-,3474502.0
-,3475366.0
-,3475366.0
+,3475622.0
-,3479223.0
+,3479271.0
-,3483880.0
+,3484102.0
-,3489682.0
-,3490247.0
-,3490247.0
+,3490550.0
+,3491993.0
+,3494985.0
+,3497430.0
+,3497892.0
-,3510406.0
-,3513975.0
-,3517083.0
-,3517083.0
-,3520813.0
+,3520853.0
-,3524211.0
+,3524451.0
-,3530501.0
+,3530800.0
-,3534646.0
+,3534794.0
+,3538145.0
+,3541149.0
+,3542864.0
-,3542906.0
+,3544541.0
-,3550492.0
-,3550492.0
+,3551067.0
-,3556141.0
+,3556250.0
-,3559886.0
+,3559996.0
-,3562068.0
-,3571565.0
-,3572941.0
+,3573054.0
-,3575612.0
-,3575612.0
-,3576789.0
-,3577708.0
-,3578868.0
-,3579039.0
+,3579121.0
+,3579846.0
+,3582742.0
-,3584771.0
-,3584771.0
+,3584926.0
-,3590279.0
-,3590279.0
-,3595514.0
-,3595514.0
+,3595967.0
-,3597612.0
-,3597612.0
-,3598846.0
-,3602263.0
-,3602263.0
+,3602376.0
-,3603673.0
+,3603734.0
-,3607059.0
+,3607200.0
-,3609796.0
+,3609848.0
+,3611650.0
+,3617175.0
+,3621870.0
+,3622361.0
-,3628665.0
-,3630653.0
-,3632521.0
+,3632824.0
-,3635473.0
+,3635625.0
-,3637783.0
+,3638094.0
+,3638134.0
+,3638845.0
-,3643202.0
-,3643202.0
+,3643368.0
-,3645896.0
+,3646511.0
+,3649274.0
+,3651214.0
-,3651261.0
+,3651944.0
+,3652666.0
-,3654228.0
-,3654228.0
-,3654700.0
-,3654700.0
+,3654978.0
-,3656077.0
+,3656349.0
+,3657215.0
-,3662681.0
+,3662887.0
-,3663873.0
-,3665643.0
-,3667251.0
+,3667575.0
-,3669957.0
+,3670397.0
+,3672769.0
-,3677250.0
+,3677402.0
-,3679891.0
-,3679891.0
-,3681510.0
-,3694248.0
+,3694441.0
-,3698150.0
+,3698159.0
+,3698546.0
-,3703853.0
-,3705644.0
-,3705644.0
-,3708538.0
-,3710070.0
-,3710997.0
+,3711075.0
-,3714457.0
+,3714530.0
+,3715293.0
-,3717107.0
+,3717461.0
+,3718032.0
+,3718072.0
+,3718663.0
-,3718695.0
-,3723775.0
+,3723870.0
-,3725811.0
-,3728828.0
+,3729114.0
-,3735240.0
+,3735480.0
+,3735520.0
+,3737688.0
-,3739645.0
-,3740595.0
+,3740716.0
+,3742311.0
+,3748901.0
-,3748977.0
-,3749931.0
+,3749975.0
-,3752491.0
-,3754574.0
-,3755890.0
-,3760018.0
+,3760166.0
+,3766915.0
+,3767016.0
+,3767931.0
-,3769807.0
+,3770264.0
+,3772407.0
-,3774443.0
+,3774648.0
+,3775382.0
+,3779198.0
-,3782462.0
-,3782462.0
-,3783078.0
+,3783243.0
-,3788144.0
-,3790614.0
-,3791746.0
+,3791970.0
-,3806161.0
+,3806523.0
-,3809172.0
-,3809172.0
-,3809694.0
-,3809694.0
-,3810622.0
+,3810714.0
+,3812477.0
-,3814612.0
+,3814659.0
+,3815743.0
+,3816857.0
-,3819233.0
+,3819411.0
-,3826728.0
+,3826928.0
+,3828440.0
-,3833992.0
+,3834245.0
+,3834408.0
+,3834936.0
+,3836231.0
-,3838056.0
+,3838198.0
-,3839802.0
-,3841852.0
+,3841947.0
-,3845230.0
-,3850804.0
-,3850804.0
-,3851051.0
-,3851280.0
+,3851536.0
+,3851905.0
-,3854370.0
+,3854398.0
-,3858179.0
+,3858266.0
-,3861666.0
+,3861882.0
-,3864336.0
-,3864960.0
-,3865485.0
+,3865711.0
+,3867360.0
-,3867372.0
-,3869793.0
-,3873223.0
+,3873421.0
-,3875015.0
-,3875528.0
-,3881792.0
+,3882319.0
+,3884811.0
+,3886418.0
+,3886713.0
+,3889598.0
+,3891864.0
-,3894672.0
+,3894757.0
-,3903660.0
-,3904630.0
-,3906429.0
-,3909473.0
-,3909473.0
-,3911688.0
-,3911688.0
-,3913263.0
-,3920460.0
-,3920460.0
-,3923696.0
-,3925066.0
+,3925138.0
-,3929156.0
+,3929299.0
+,3931334.0
+,3934301.0
+,3935277.0
+,3936250.0
-,3939390.0
+,3939831.0
+,3941458.0
+,3941727.0
+,3944723.0
+,3944895.0
-,3946030.0
+,3946069.0
+,3946109.0
-,3948032.0
+,3948305.0
-,3955883.0
+,3955953.0
+,3955993.0
-,3957833.0
-,3957833.0
-,3958523.0
+,3958660.0
-,3962292.0
-,3963650.0
-,3963650.0
+,3963744.0
+,3963784.0
+,3964400.0
+,3965899.0
+,3978870.0
+,3980398.0
+,3980532.0
+,3980629.0
+,3980758.0
+,3980941.0
-,3984070.0
+,3984455.0
-,3988829.0
+,3989136.0
-,3992122.0
+,3992505.0
-,3999119.0
+,3999409.0
-,4002760.0
+,4002845.0
+,4002885.0
+,4003847.0
-,4007122.0
+,4007153.0
-,4010879.0
+,4011036.0
+,4011076.0
-,4014232.0
+,4014414.0
+,4014454.0
+,4015316.0
-,4022884.0
+,4022971.0
+,4024550.0
-,4029034.0
+,4029144.0
+,4033554.0
+,4035164.0
+,4035283.0
+,4035542.0
+,4038540.0
+,4040052.0
-,4040062.0
+,4041441.0
+,4042182.0
-,4044665.0
+,4044949.0
+,4047922.0
-,4048828.0
+,4049059.0
+,4050028.0
-,4051820.0
-,4054359.0
-,4054359.0
-,4056054.0
-,4056054.0
+,4056390.0
+,4058430.0
+,4060230.0
-,4062258.0
-,4062258.0
-,4067339.0
-,4068464.0
-,4071634.0
+,4071722.0
+,4077280.0
+,4077734.0
-,4083885.0
+,4083999.0
+,4084985.0
-,4090886.0
-,4092335.0
-,4095511.0
+,4095719.0
-,4098588.0
+,4098793.0
+,4098833.0
+,4099673.0
+,4100805.0
-,4103733.0
+,4103803.0
+,4104452.0
+,4105535.0
+,4106817.0
+,4106857.0
+,4107913.0
-,4109570.0
-,4110277.0
+,4110298.0
+,4110950.0
-,4113642.0
-,4116153.0
+,4116498.0
-,4122519.0
-,4124873.0
+,4124996.0
-,4125957.0
-,4126415.0
-,4126415.0
+,4126655.0
+,4127858.0
+,4130599.0
+,4131818.0
-,4135720.0
-,4140284.0
+,4140513.0
-,4146380.0
-,4148328.0
-,4151161.0
-,4152910.0
+,4152984.0
-,4156417.0
+,4156473.0
-,4158810.0
-,4158810.0
+,4159107.0
-,4161333.0
+,4161622.0
+,4164682.0
+,4166395.0
+,4166664.0
+,4169660.0
+,4170040.0
-,4173089.0
+,4173411.0
+,4173696.0
+,4173927.0
+,4173967.0
+,4175341.0
+,4175766.0
+,4176430.0
+,4176902.0
+,4177979.0
+,4178583.0
+,4179228.0
+,4187769.0
-,4188510.0
-,4194162.0
-,4194871.0
+,4194886.0
+,4198264.0
-,4199633.0
-,4199633.0
+,4199909.0
-,4205595.0
+,4206170.0
+,4207797.0
+,4208066.0
+,4211063.0
-,4212186.0
+,4212263.0
+,4213461.0
+,4216579.0
+,4216619.0
-,4220550.0
-,4221648.0
-,4221648.0
+,4221811.0
+,4221851.0
+,4225714.0
-,4228205.0
+,4228337.0
-,4229694.0
-,4231253.0
-,4231253.0
+,4231741.0
+,4233889.0
+,4234245.0
-,4238118.0
+,4238308.0
-,4240317.0
-,4243138.0
-,4244364.0
-,4244364.0
+,4244767.0
+,4245994.0
+,4247537.0
+,4248686.0
+,4250489.0
-,4254486.0
-,4254486.0
+,4254620.0
+,4254660.0
+,4255098.0
+,4257220.0
-,4258066.0
+,4258304.0
+,4259697.0
+,4260823.0
-,4262294.0
+,4262297.0
+,4265097.0
-,4267075.0
+,4267397.0
+,4267437.0
+,4268221.0
-,4271934.0
+,4272108.0
+,4272148.0
-,4273104.0
+,4273454.0
-,4275403.0
-,4275403.0
+,4275452.0
-,4276089.0
+,4276462.0
+,4277963.0
-,4281138.0
-,4283276.0
-,4285434.0
+,4285747.0
+,4292464.0
-,4297429.0
-,4302466.0
-,4304660.0
-,4309043.0
-,4311054.0
+,4311333.0
-,4315958.0
-,4321293.0
-,4323228.0
-,4323804.0
-,4324797.0
+,4325118.0
+,4328485.0
+,4330099.0
-,4333653.0
-,4335094.0
-,4335992.0
-,4338584.0
-,4339691.0
+,4339894.0
+,4341352.0
+,4341392.0
-,4343621.0
-,4346807.0
-,4349725.0
+,4349826.0
+,4350567.0
-,4352737.0
-,4352737.0
-,4358094.0
-,4359997.0
-,4360416.0
-,4360649.0
-,4363419.0
-,4364836.0
-,4366347.0
-,4366347.0
+,4366647.0
-,4368475.0
+,4368671.0
+,4369048.0
+,4370792.0
-,4372297.0
+,4373682.0
-,4373720.0
+,4374536.0
+,4374858.0
-,4376910.0
-,4376910.0
-,4380381.0
+,4380626.0
+,4381822.0
-,4389572.0
+,4389587.0
+,4389627.0
+,4390383.0
+,4390495.0
+,4390606.0
+,4390875.0
+,4392049.0
-,4392130.0
+,4402670.0
+,4402710.0
+,4404173.0
+,4404677.0
+,4407258.0
+,4408116.0
-,4414355.0
-,4414833.0
+,4414935.0
-,4416516.0
-,4417688.0
+,4417963.0
-,4422854.0
+,4423101.0
-,4425485.0
+,4425677.0
-,4426780.0
+,4426918.0
+,4426958.0
+,4427847.0
-,4430046.0
-,4431119.0
-,4432087.0
+,4432096.0
-,4434531.0
-,4434531.0
+,4434738.0
+,4435690.0
-,4437225.0
-,4437225.0
+,4437570.0
-,4439278.0
-,4440196.0
-,4440196.0
+,4440365.0
+,4446430.0
-,4447672.0
-,4447672.0
+,4447945.0
+,4447985.0
+,4449041.0
-,4453672.0
+,4453768.0
-,4455928.0
+,4455942.0
+,4457473.0
-,4458427.0
-,4460723.0
-,4464243.0
-,4465309.0
+,4465414.0
+,4465608.0
-,4470596.0
-,4471272.0
+,4472107.0
-,4472116.0
+,4472845.0
+,4473420.0
-,4476331.0
-,4476331.0
+,4476456.0
-,4477600.0
+,4477713.0
-,4482343.0
-,4484014.0
+,4484201.0
-,4492469.0
+,4492606.0
-,4494272.0
+,4494428.0
+,4494658.0
+,4496255.0
-,4498854.0
+,4499243.0
-,4501494.0
+,4502041.0
+,4504844.0
-,4504919.0
+,4506992.0
-,4507005.0
-,4514601.0
-,4514601.0
-,4516298.0
+,4516510.0
-,4518387.0
-,4520083.0
-,4523866.0
+,4526000.0
-,4526043.0
-,4529714.0
-,4530373.0
-,4532116.0
-,4532738.0
+,4532774.0
-,4537564.0
+,4538940.0
+,4540020.0
+,4541098.0
+,4546831.0
-,4549359.0
+,4549619.0
+,4552559.0
-,4554383.0
+,4554976.0
-,4558743.0
+,4558913.0
-,4561666.0
-,4563913.0
-,4566582.0
+,4566981.0
-,4569637.0
+,4569734.0
+,4570397.0
-,4577400.0
+,4577858.0
-,4577903.0
-,4581111.0
-,4584824.0
+,4584932.0
-,4589342.0
+,4589640.0
-,4592785.0
-,4593914.0
+,4593973.0
-,4597504.0
-,4599537.0
-,4599537.0
-,4600921.0
+,4601460.0
-,4603726.0
+,4603787.0
-,4604188.0
-,4604309.0
-,4604424.0
-,4605720.0
-,4605720.0
+,4605786.0
+,4607437.0
+,4609379.0
+,4609419.0
+,4610111.0
+,4610394.0
-,4615128.0
+,4615306.0
+,4615346.0
+,4616212.0
+,4618906.0
+,4619752.0
-,4622852.0
+,4622878.0
-,4628542.0
-,4628542.0
+,4628716.0
+,4630783.0
+,4631780.0
-,4631808.0
-,4633373.0
+,4633504.0
-,4638369.0
+,4638385.0
+,4638925.0
